,question,answer,label
0,điểm chuẩn vào trường giữa hệ clc và hệ chính quy có khác nhau không?,có.,admiss_associate
1,giữa hệ clc và hệ chính quy có khác nhau về điểm chuẩn đầu vào không?,có.,admiss_associate
2,bạn học tiêu chuẩn hay là clc?,tôi học tiêu chuẩn,admiss_associate
3,lưu ý với chương trình clc?,"thí  sinh là người nước ngoài thì không cần tiếng anh, thí sinh trong nước phải có trình độ ielts >= 5.0 hoặc thi đầu vào",admiss_associate
4,trường có liên kết vơi nước ngoài không ?,có,admiss_associate
5,trường đại học liên kết với tdt?,"đại học west of england, bristol (vương quốc anh); đại học khoa học ứng dụng saxion (hà lan); đại học kinh tế praha, đại học kỹ thuật ostrava (cộng hòa séc); đại học taylor’s (malaysia); đại học khoa học và công nghệ quốc gia penghu, đại học khoa học và công nghệ lunghwa, đại học feng chia (đài loan),..",admiss_associate
6,ưu điểm của việc học đại học liên kết tdt?,"được học tăng cường tiếng anh trong mô hình nước anh thu nhỏ “little uk” và không gian mở (lần đầu tiên được triển khai tại tdtu), bảo đảm năng lực học trực tiếp bằng tiếng anh trong chương trình liên kết và dễ dàng chuyển tiếp đi du học ở nước ngoài vào 2 năm cuối",admiss_associate
7,trường đh tdtu có liên kết với các trường quốc tế hay không?,có,admiss_associate
8,trường đại học tôn đúc thắng có liên kết với canada không ?,có,admiss_associate
9,thí sinh tự do có được xét học bạ không?,được xét học bạ hệ cao đẳng và chương trình liên kết quốc tế.,admiss_associate
10,trường có liên kết với các trường đại học của úc không ạ?,có,admiss_associate
11,em thấy các trường khác có liên kết với các trường nước ngoài để sinh viên có cơ hội ra học tập tại nước ngoài. vậy trường mình có chương trình đó không ạ?,"tdtu có đào tạo một số ngành liên kết. khi đăng ký học phần này, sinh viên sẽ học 2 năm trong nước và 2 năm học tập ở nước ngoài.",admiss_associate
12,tdt có học liên kết không?,có,admiss_associate
13,điều kiện ứng tuyển chương trình du học luân chuyển campus là gì ?,"học sinh đã tốt nghiệp thpt hoặc tương đương , trình độ tiếng anh đạt b2 theo khung tham chiếu châu âu",admiss_associate
14,trường tdtu liên kết với bao nhiêu trường trong chương trình du học luân chuyển campus ?,8 trường,admiss_associate
15,các trường liên kết với tdtu trong chương trình du học luân chuyển campus ?,"đại học west of england bristol ,đại học kinh tế prga ,đại học kỹ thuật ostrava ,đại học khoa học ứng dụng saxion ,đại học khó học và công nghệ lunghwa ,đại học taylor's ,đại học fengchia,đại học khoa học và công nghệ quốc gia penghu.",admiss_associate
16,đại học west of england bristol có liên kết với trường tdtu trong chương trình du học luân chuyển campus không ?,có,admiss_associate
17,đại học kinh tế prga có liên kết với trường tdtu trong chương trình du học luân chuyển campus không ?,có,admiss_associate
18,đại học kỹ thuật ostrava có liên kết với trường tdtu trong chương trình du học luân chuyển campus không ?,có,admiss_associate
19,đại học khoa học và công nghệ quốc gia penghu có liên kết với trường tdtu trong chương trình du học luân chuyển campus không ?,có,admiss_associate
20,chương trình du học luân chuyển campus có bao nhiêu giai đoạn ?,2,admiss_associate
21,giai đoạn 1 của chương trình du học luân chuyển campus triển khai ở đâu ?,trường tdt việt nam,admiss_associate
22,giai đoạn 2 của chương trình du học luân chuyển campus triển khai ở đâu ?,ở 1 trường đại học liên kết với trường tdtu,admiss_associate
23,giai đoạn 1 của chương trình du học luân chuyển campus kéo dài bao lâu ?,2-3 năm,admiss_associate
24,giai đoạn 2 của chương trình du học luân chuyển campus kéo dài bao lâu ?,1-2 năm,admiss_associate
25,học sinh liên kết thì được đi du học nước nào?,"tùy từng năm, khoa sẽ liên kết với mỗi nước có thể khác nhau.",admiss_associate
26,tdtu liên kết bao nhiêu quốc gia? kể tên?,"137. cộng hòa czech, malaysia, phần lan",admiss_associate
27,sinh viên khoa cntt cần đủ bao nhiêu tín chỉ để tốt nghiệp?,mình nghỉ là 136 tín chỉ.,admiss_faculty
28,khoa cntt có bao nhiêu chuyên ngành?,gồm 4 chuyên ngành,admiss_faculty
29,trưởng khoa cntt đại học tôn đức thắng?,phạm văn huy.,admiss_faculty
30,khoa nào gái nhiều ?,khoa kế toán,admiss_faculty
31,khoa nào nhiều trai nhất ?,khoa điện-điện tử,admiss_faculty
32,thích lập trình nên học nghành nào ?,khoa cntt,admiss_faculty
33,trường tdt có bao nhiêu khoa?,17,admiss_faculty
34,trường gồm bao nhiêu khoa?,17,admiss_faculty
35,trong trường có tuyển sinh khoa dược không?,có,admiss_faculty
36,mà trường bạn có bao nhiêu khoa?,khá nhiều tầm 17 khoa,admiss_faculty
37,ủa khoa nào trường trường có nhiều bóng nhất bạn ahihi?,mĩ thuật công nghiệp nha hihi.,admiss_faculty
38,ủa vậy khoa nào gái xinh nhất?,trời ở tôn đức thắng đùng hỏi câu đấy tại khoa nào cũng xinh xinh xinh quá trời luôn.,admiss_faculty
39,số khoa của tdtu là bao nhiêu?,17,admiss_faculty
40,đối với sinh viên chính quy khoa cntt thì tích lũy bao nhiêu tín chỉ được ra trường?,136,admiss_faculty
41,cột điểm thành phần của khoa cntt trong một môn là gì?,điểm quá trình 1 10% điểm quá trình 2 20% điểm giữa kì 20% điểm cuối kì 50%,admiss_faculty
42,trường bạn có bao nhiêu khoa?,17,admiss_faculty
43,thời gian đào tạo đúng tiến độ của khoa công nghệ thông tin?,4 năm rưỡi,admiss_faculty
44,khoa cntt đại học tôn đức thắng tuyển bao nhiêu học sinh?,1200 sinh viên.,admiss_faculty
45,thông tin liên hệ khoa công nghệ thông tin như thế nào?,"phòng c004, cơ sở tân phong, sđt: (84-8)37755046,email: khoacntt@tdt.edu.vn",admiss_faculty
46,số khoa của tdtu là bao nhiêu?,17,admiss_faculty
47,khoa công nghệ thông tin của trường đại học tôn đức thắng có những ngành gì?,"mạng máy tính, khoa học máy tính, kỹ thuật phần mềm",admiss_faculty
48,các khoa của trường bao gồm những khoa nào ạ ?,trường hiện có 17 khoa đào tạo chuyên môn.,admiss_faculty
49,trường tôn đức thắng có khoa cntt không?,có.,admiss_faculty
50,khóa 20 hệ chính quy khoa công nghệ thông tin phải học bao nhiêu tín chỉ mới đủ điều kiện xét tốt nghiệp?,136,admiss_faculty
51,khóa 20 hệ chất lượng cao khoa công nghệ thông tin phải học bao nhiêu tín chỉ mới đủ điều kiện xét tốt nghiệp?,149,admiss_faculty
52,sinh viên khoa công nghệ thông tin cần điều kiện nào để có thể học dự án công nghệ thông tin 1?,điểm rèn luyện trên 50 và số tín chỉ tích lũy trên 90,admiss_faculty
53,sinh viên cần điều kiện nào để có thể làm luận văn tốt nghiệp?,điểm trung bình tích lũy trên 7.0 và có chứng chỉ tiếng anh theo quy định,admiss_faculty
54,sinh viên khoa công nghệ thông tin cần điều kiện gì để có thể học dự án công nghệ thông tin 2?,đã đi kiến tập tại doanh nghiệp và hoàn thành dự án công nghệ thông tin 1 và có chứng chỉ tiếng anh theo quy định,admiss_faculty
55,trường đại học tôn đức thắng có bao nhiêu khoa ?,25,admiss_faculty
56,trường đại học tôn đức thắng có khoa công nghệ thông tin hay không?,có,admiss_faculty
57,trường bạn đào tạo ít khoa thế?,"không hề, có tận 17 khoa tổng cộng",admiss_faculty
58,trưởng khoa cntt đại học tôn đức thắng?,phạm văn huy.,admiss_faculty
59,tdtu có khoa cntt hay không ?,có- tổng số tín chỉ cần có của khoa cntt để ra trường?,admiss_faculty
60,trường có khoa luật không?,có,admiss_faculty
61,trường có khoa xã hội và nhân văn không?,có,admiss_faculty
62,khóa 20 hệ chính quy khoa công nghệ thông tin phải học bao nhiêu tín chỉ mới đủ điều kiện xét tốt nghiệp?,136,admiss_faculty
63,khóa 20 hệ chất lượng cao khoa công nghệ thông tin phải học bao nhiêu tín chỉ mới đủ điều kiện xét tốt nghiệp?,149,admiss_faculty
64,sinh viên khoa công nghệ thông tin có phải bắt buộc thi kỹ năng thực hành chuyên môn hay không ?,có,admiss_faculty
65,lý do nên chọn khoa cntt?,cơ hội có việc sau khi tốt nghiệp cao. giảng viên giỏi. bạn bè dễ mến.,admiss_faculty
66,điển sàn của khoa cntt?,21đ.,admiss_faculty
67,chính sách học bổng gồm mấy loại? kể tên?,học bổng đào tạo thạc sỹ,admiss_preferential
68,đối tượng được xét học bổng?,học viên đã trúng tuyển và nhập học các chương trình đào tạo trình độ thạc sĩ của tdtu,admiss_preferential
69,lợi ích của học bổng thạc sỹ?,học bổng 50% cho toàn khóa đào tạo,admiss_preferential
70,lợi ích học bổng tiến sỹ?,học bổng toàn phần (100%),admiss_preferential
71,mục tiêu chính sác học bổng?,"hỗ trợ, thúc đẩy hoạt động nghiên cứu khoa học bằng việc cung cấp tài chính để người học tiến hành các nghiên cứu và công bố bài báo khoa học trên các tạp chí isi, scopus trong quá trình học tập",admiss_preferential
72,học bổng thủ khoa vào trường là bao nhiêu?,3 triệu,admiss_preferential
73,trường có hỗ trợ học bổng cho sinh viên không ?,có,admiss_preferential
74,học bổng khi học tại tdt?,"những sinh viên giỏi, xuất sắc trong năm học được nhà trường cấp học bổng.",admiss_preferential
75,tdt có học bổng du học không?,có,admiss_preferential
76,sinh viên ngoại quốc học tại tdt có được hỗ trợ không?,hỗ trợ giao lưu văn hóa.,admiss_preferential
77,các hình thức khen thưởng đối với sinh viên?,"thư khen, học bổng",admiss_preferential
78,sinh viên quốc tế có được hỗ trợ gì không?,"có, sinh viên quốc tế sẽ được hỗ trợ về các chính sách học bổng, chi phí học tiếng (việt và anh), chi phí sinh hoạt, chi phí ký túc xá, tham gia các hoạt động giao lưu làm quen văn hóa với sinh viên việt nam, và các chính sách hỗ trợ khác theo quy định của nhà trường.",admiss_preferential
79,có được giảm học phí không?,có một số trường hợp theo qui định sẽ được giảm học phí. liên phòng cthssv để biết thêm chi tiết.,admiss_preferential
80,trường mình có học bổng không?,có và sẽ chia thành từng mức khác nhau.,admiss_preferential
81,giá trị học bổng là bao nhiêu?,"có nhiều mức theo qui định của trường 100%,50% hoặc 30% giá trị học phí theo sơ đồ đào tạo.",admiss_preferential
82,làm thế nào để có được học bổng?,có nhiều mức để xem xét cho sinh viên. liên hệ phòng cthssv để biết thêm thông tin.,admiss_preferential
83,điều kiện xét học bổng?,điểm trung bình từ 8 và điểm rèn luyện từ 80,admiss_preferential
84,các hình thức nhận học bổng ?,"trường có các hình thức nhận học bổng là 100%,80%,50%. mỗi năm điểm học tập đạt loại khá và điểm rèn luyện trên 70",admiss_preferential
85,điều kiện xét học bổng đầu vào gồm?,"điểm thi đầu vào >=25đ, bằng toeic đạt 650.",admiss_preferential
86,sinh viên được cấp học bổng năm học phải thỏa mãn những điều kiện nào?,"phải thỏa mãn đồng thời các tiêu chí: theo học ngành chính(ngành học thứ nhất); khống xét sinh viên năm cuối; số tín chỉ tích lũy đến thời điểm xét phải lớn hơn hoặc bằng số tín chỉ điều kiện; điểm trung bình 8.0 trở lên(không tính cải thiện); không có môn dưới 5.0 hoặc điểm f,k; điểm rèn luyện năm học 80 trở lên; không vi phạm nội quy; sinh viên năm nhất phải hoàn thành tiếng anh dự bị.",admiss_preferential
87,trường có nhiều học bổng không?,[unknown],admiss_preferential
88,làm sao để đạt được học bổng của trường?,[unknown],admiss_preferential
89,điều kiện để một sinh viên đạt học bổng 50% mỗi năm là gì?,dtb >= 8.0 & drl >= 80,admiss_preferential
90,điều kiện để một sinh viên đạt học bổng 30% mỗi năm là gì?,dtb >= 7.0 & drl >= 50,admiss_preferential
91,"em có chị là sinh viên của trường, vậy em có được giảm học phí không ạ?","học bổng dành cho anh/chị em ruột (cùng cha mẹ) đang học ngành chính trình độ đại học, cao đẳng, trung cấp theo đúng chương trình đào tạo thì kể từ người học thứ 2 được cấp học bổng theo từng năm học. mức học bổng 15% học phí/người học thứ 2/năm học",admiss_preferential
92,có khó để đạt học bổng của trường không ạ?,chỉ cần chăm chỉ thì không khó để đạt được các mức học bổng của trường.,admiss_preferential
93,điều kiện gì để sinh viên tham gia xét học bổng?,kết quả học tập trên 8.0 và rèn luyện trên 80 điểm.,admiss_preferential
94,nếu học tốt thì trường có tặng học bổng cho em không?,nếu sinh viên có học lực và điểm rèn luyện tốt thì trường sẽ xét học bổng cho sinh viên.,admiss_preferential
95,học bổng ở tdt có tốt không?,có,admiss_preferential
96,tdt có miễn giảm học phí cho sv có thành tích cao không?,có,admiss_preferential
97,các hình thức khen thưởng đối với sinh viên?,"thư khen, học bổng",admiss_preferential
98,trường có cấp học bổng không?,có. với điểm trên 8 và điểm rèn luyện trên 70 điểm,admiss_preferential
99,học bổng ở tdt có tốt không?,có,admiss_preferential
100,sinh viên năm cuối được xét học bổng không?,không.,admiss_preferential
101,bao nhiêu tín chỉ để được xét học bổng?,số tín chỉ tích lũy ngành chính tính đến lúc xét phải lớn hơn hoặc bằng số tín chỉ điều kiện.,admiss_preferential
102,điểm trung bình tích lũy bao nhiêu mới được xét học bổng?,từ 8.0 trở lên.,admiss_preferential
103,nếu có môn thuộc ngành chính dưới 5.0 trong năm thì có được xét học bổng không?,không được.,admiss_preferential
104,bao nhiêu điểm rèn luyện thì được xét học bổng?,điểm trung bình rèn luyện trong năm từ 80 trở lên.,admiss_preferential
105,vi phạm nội quy nhà trường có được xét học bổng không?,không được.,admiss_preferential
106,sinh viên năm nhất có được xét học bổng không?,được xét bình thường nhưng phải hoàn tất học phần ta dự bị.,admiss_preferential
107,bao nhiêu điểm học tập được học bổng ?,gpa 8.0,admiss_preferential
108,bao nhiêu điểm rèn luyện được học bổng ?,80,admiss_preferential
109,thời gian công bố kết quả xét học bổng?,"cuối học kì 1, thông báo chính thức có trên trang web của khoa.",admiss_preferential
110,học sinh có điều kiện khó khăn có khả năng học ở trường?,"có nhiều loại học bổng hỗ trợ cho học sinh khó khăn, và có thể xin trường gia hạn thời gian đóng học phí",admiss_preferential
111,có các chính sách gì cho sinh viên có hoàn cảnh khó khăn không?,"có nhiều loại học bổng hỗ trợ cho học sinh khó khăn, và có thể xin trường gia hạn thời gian đóng học phí",admiss_preferential
112,sinh viên có hoàn cảnh khó khăn có những ưu đãi gì khi học ở trường?,học bổng khuyến khhích,admiss_preferential
113,gia đình thuộc diện khó khăn nhưng chưa được địa phương chứng nhận thì có được miễn giảm học phí?,nếu như có minh chứng và được nhà trường chấp thuận sẽ được xét để miễn giảm học phí,admiss_preferential
114,mức miễn giảm cho học phí là bao nhiêu?,50% - 100% tùy theo học lực,admiss_preferential
115,trường có học bổng cho sinh viên hay không?,có nhưng sinh viên phải đạt một số điều kiện nhất định,admiss_preferential
116,trường có chế độ miễn giảm cho học sinh như thế nào?,sinh viên thuộc diện chính sách được hưởng chế độ miễn-giảm học phí theo nghị định 86/2015/nđ-cp ngày 02/10/2015 của thủ tướng chính phủ.,admiss_preferential
117,ưu đãi gì khi có anh chị em học trong trường?,giảm học phí,admiss_preferential
118,có anh chị em học chung trường thì học phí có được giảm không?,có giảm 15% học phí,admiss_preferential
119,nếu có anh em học chung trường thì được miễn giảm học phí không?,"có, giảm 15% học phí.",admiss_preferential
120,ưu đãi khi có anh chị học chung trường là gì?,giảm học phí,admiss_preferential
121,nếu có anh em học chung trường thì được miễn giảm học phí không?,"có, giảm 15% học phí.",admiss_preferential
122,có anh em học chung trường học phí có giảm không?,có giảm,admiss_preferential
123,có anh em học chung trường học phí giảm bao nhiêu phần trăm?,giảm 15%,admiss_preferential
124,tdt có miễn giảm học phí cho sv có thành tích cao không?,có,admiss_preferential
125,tổ hợp môn tuyển sinh của nghành khoa học máy tính năm 2019 ?,"a00,a01,d01",admiss_formal
126,tổ hợp môn tuyển sinh của nghành kế toán năm 2019 ?,"a00,a01,c01,d01",admiss_formal
127,tổ hợp môn tuyển sinh của nghành ngôn ngữ anh năm 2019 ?,"d01,d11",admiss_formal
128,tổ hợp môn tuyển sinh của nghành điện - điện tử  năm 2019 ?,"a00,a01,c01",admiss_formal
129,tổ hợp môn tuyển sinh của nghành điện tử viễn thông năm 2019 ?,"a00,a01,c01",admiss_formal
130,tổ hợp môn tuyển sinh của nghành tự độn hóa năm 2019 ?,"a00,a01,c01",admiss_formal
131,tổ hợp môn tuyển sinh của nghành thiết kế công nghiệp năm 2019 ?,"h00,h01,h02",admiss_formal
132,tổ hợp môn tuyển sinh của nghành thiết kế đồ họa năm 2019 ?,"h00,h01,h02",admiss_formal
133,tổ hợp môn tuyển sinh của nghành thiết kế thời trang năm 2019 ?,"h00,h01,h02",admiss_formal
134,tổ hợp môn tuyển sinh của nghành kỹ thuật hóa  năm 2019 ?,"a00,b00,d07",admiss_formal
135,tổ hợp môn tuyển sinh của nghành kiến trúc năm 2019 ?,"v00,v01",admiss_formal
136,tổ hợp môn tuyển sinh của nghành quy hoạch vùng và đô thị năm 2019 ?,"a00,a01,v00,v01",admiss_formal
137,tổ hợp môn tuyển sinh của nghành thiết kế nội thất năm 2019 ?,"h00,h01,h02",admiss_formal
138,tổ hợp môn tuyển sinh của nghành kỹ thuật xây dựng năm 2019 ?,"a00,a01,c01",admiss_formal
139,tổ hợp môn tuyển sinh của nghành kỹ thuật xây dựng công trình giao thông năm 2019 ?,"a00,a01,c01",admiss_formal
140,tổ hợp môn tuyển sinh của nghành dược học năm 2019 ?,"a00,b00,d07",admiss_formal
141,tổ hợp môn tuyển sinh của nghành công tác xã hội năm 2019 ?,"a01,c00,c01,d01",admiss_formal
142,tổ hợp môn tuyển sinh của nghành  quản lý thể dục thể thao năm 2019 ?,"a01,d01,t00,t01",admiss_formal
143,tổ hợp môn tuyển sinh của nghành golf năm 2019 ?,"a01,d01,t00,t01",admiss_formal
144,tổ hợp môn tuyển sinh của nghành ngôn ngữ anh cơ sở bảo lộc năm 2019 ?,"d01,d11",admiss_formal
145,tổ hợp môn tuyển sinh của nghành du lịch và quản lý du lịch cơ sở bảo lộc năm 2019 ?,"a01,c00,c01,d01",admiss_formal
146,tổ hợp môn tuyển sinh của nghành quản trị nhà hàng khách sạn cơ sở bảo lộc năm 2019 ?,"a00,a01,d01",admiss_formal
147,tổ hợp môn tuyển sinh của nghành luật cơ sở bảo lộc năm 2019 ?,"a00,a01,c00,d01",admiss_formal
148,tổ hợp môn tuyển sinh của nghành kỹ thuật phần mềm cơ sở bảo lộc năm 2019 ?,"a00,a01,d01",admiss_formal
149,tổ hợp môn tuyển sinh của nghành khoa học máy tính chất lượng caonăm 2019 ?,"a00,a01,d01",admiss_formal
150,tổ hợp môn tuyển sinh của nghành kế toán chất lượng cao năm 2019 ?,"a00,a01,c01,d01",admiss_formal
151,tổ hợp môn tuyển sinh của nghành ngôn ngữ anh chất lượng cao năm 2019 ?,"d01,d11",admiss_formal
152,tổ hợp môn tuyển sinh của nghành điện - điện tử chất lượng cao năm 2019 ?,"a00,a01,c01",admiss_formal
153,tổ hợp môn tuyển sinh của nghành điện tử viễn thông chất lượng cao năm 2019 ?,"a00,a01,c01",admiss_formal
154,tổ hợp môn tuyển sinh của nghành tự động hóa chất lượng cao năm 2019 ?,"a00,a01,c01",admiss_formal
155,tổ hợp môn tuyển sinh của nghành kỹ thuật xây dựng chất lượng cao năm 2019 ?,"a00,a01,c01",admiss_formal
156,tổ hợp môn tuyển sinh của nghành quản trị kinh doanh chất lượng cao năm 2019 ?,"a00,a01,d01",admiss_formal
157,năm 2019 chỉ tiêu tuyển sinh của trường tdt là bao nhiêu ?,6570 chỉ tiêu,admiss_formal
158,có bao nhiêu hình thức xét tuyển ?,"3 hình thức : kết quả học bạ, thi thpt quốc gia, tuyển thẳng",admiss_formal
159,đối tượng của xét tuyển học bạ ?,"thí sinh học tập tại trường thpt đã có ký kết với tdtu , hoàn thành chương trình lớp 12",admiss_formal
160,phạm vị xét tuyển học bạ ?,xét tuyển vào tất cả các nghành của bậc đại học ở tất cả chương trình,admiss_formal
161,điều kiện của xét tuyển học bạ ?,xét theo điểm tb 5 học kỳ,admiss_formal
162,điều kiện của thí sinh xét tuyển học bạ vào nghành năng khiếu ?,tham gia môn thi vẽ hình họa mỹ thuật,admiss_formal
163,nộp hồ sơ xet tuyển vào công nghệ thông tin dh tôn đức thắng vậy có thể thay đổi qua ngành khác không?,thí sinh đăng ký xét tuyển học bạ sẽ được điều chỉnh hồ sơ cho đến khi nhấn nút in phiếu đăng ký xét tuyển. thí sinh đã in phiếu sẽ không được điều chỉnh hồ sơ cho đến khi mở đợt điều chỉnh,admiss_formal
164,nộp hồ sơ xet tuyển vào ngành dược dh tôn đức thắng vậy có thể thay đổi qua ngành khác không?,thí sinh đăng ký xét tuyển học bạ sẽ được điều chỉnh hồ sơ cho đến khi nhấn nút in phiếu đăng ký xét tuyển. thí sinh đã in phiếu sẽ không được điều chỉnh hồ sơ cho đến khi mở đợt điều chỉnh,admiss_formal
165,nộp hồ sơ xet tuyển vào ngành điện điện tử dh tôn đức thắng vậy có thể thay đổi qua ngành khác không?,thí sinh đăng ký xét tuyển học bạ sẽ được điều chỉnh hồ sơ cho đến khi nhấn nút in phiếu đăng ký xét tuyển. thí sinh đã in phiếu sẽ không được điều chỉnh hồ sơ cho đến khi mở đợt điều chỉnh,admiss_formal
166,khoa cntt đại học tôn đức thắng tuyển bao nhiêu học sinh?,1200 sinh viên.,admiss_formal
167,"em là học sinh trường chuyên, em muốn xét tuyển vào trường đại học tôn đức thắng bằng phương thức xét tuyển theo kết quả quá trình học tập bậc thpt thì có lợi thế gì hơn so với các bạn học sinh trường khác không?",thí sinh là học sinh trường chuyên sẽ được hưởng một số chính sách ưu tiên khi đăng ký xét tuyển vào trường theo phương thức xét tuyển học bạ như sau:,admiss_formal
168,cho em hỏi là trường mình có ưu tiên thứ tự nguyện vọng không?,"theo nguyên tắc xét tuyển thì sẽ xét theo thứ tự ưu tiên nguyện vọng mà thí sinh ghi trong hồ sơ từ trên xuống. thí sinh trúng tuyển nguyện vọng ở thứ tự ưu tiên nào thì sẽ không xét tuyển những nguyện vọng có thứ tự ưu tiên thấp hơn. vì vậy, khi điền nguyện vọng xét tuyển thí sinh phải lưu ý một điều: ngành nào, trường nào mình thích nhất thì để lên trên cùng rồi giảm dần theo mức độ thích.",admiss_formal
169,đối với các ngành xét nhiều tổ hợp nhà trường có chỉ tiêu riêng cho nhiều tổ hợp không?,căn cứ vào điểm chuẩn để xét.,admiss_formal
170,ngành khoa học máy tính tuyển sinh bao nhiêu sinh viên ?,mỗi năm trường đại học tôn đức thắng tuyển sinh ngành khoa học máy tính khoảng [unknown],admiss_formal
171,tuyển sinh trường đại học tôn đức thắng có ngành kiến trúc không?,có,admiss_formal
172,tuyển sinh trường đại học tôn đức thắng có ngành truyền thông mạng máy tính không?,có,admiss_formal
173,ngành nào yêu cầu học lực giỏi khi tuyển sinh băng hình thức học bạ?,khoa dược.,admiss_formal
174,ngành nào được xét tuyển học bạ?,tất cả các ngành.,admiss_formal
175,hồ sơ học bạ gồm những gì?,"hồ sơ học bạ gồm: phiếu đăng kí xét tuyển, giấy tờ cá nhân: bản photo công chứng học bạ thpt, công chứng bản photo cmnd/ căn cước, shk nếu thường trú trên 18 tháng ở xã đặc biệt khó khăn.",admiss_formal
176,làm thế nào để có phiếu đăng kí xét tuyển?,"vào trang chủ của trường, nhấn chọn "" xem hồ sơ in phiếu"" chọn "" xem, điều chỉnh, in phiếu"" chọn in.",admiss_formal
177,sau khi in phiếu có các mục trống có cần điền vào không?,"sau khi in phiếu thành công, không cần điền gì cả",admiss_formal
178,làm sao để biết trường đã nhận hồ sơ hay chưa?,"nhập mã của bưu phẩm để xem hoặc vào trang chủ của trường vào mục "" xem hồ sơ in phiếu đăng kí"" để xem",admiss_formal
179,đăng kí xét tuyển ở chỗ nào?,đăng kí tại trường hoặc nộp hồ sơ online.,admiss_formal
180,có cần nộp học bạ không?,cần nộp mới là hợp lệ.,admiss_formal
181,giấy tờ ưu tiên là gì?,"dành cho các bạn thuộc đối tượng ưu tiên, chính sách ưu tiên.",admiss_formal
182,có cần nộp sổ họ khẩu hay không?,đối với sinh viên có shk thường trú trên 18 tháng ở xã đặc biệt khó khăn mới cần nộp làm minh chứng.,admiss_formal
183,nhập sai hồ sơ thì phải làm sao ạ?,"trừ trường hợp nhập sai cmnd còn lại in phiếu nộp bình thường, sau sẽ có ngày điểu chỉnh hồ sơ online",admiss_formal
184,chỉ tiêu tuyển sinh năm 2019 là bao nhiêu sinh viên?,chỉ tiêu đầu vào bằng 2/3 chỉ tiêu trong cột phương thức khác.,admiss_formal
185,các ngành thuộc khoa điện – điện tử thì cần phải thi những khối nào ạ?,"các ngành thuộc khoa điện – điện tử bao gồm các khối: a00, a01, c01.",admiss_formal
186,tổ hợp môn xét tuyển ngành dược năm 2017-2018 là gì?,"a, b",admiss_formal
187,tổ hợp môn xét tuyển ngành kinh doanh quốc tế năm 2017-2018 là gì?,"a, a1, c, d1",admiss_formal
188,tổ hợp môn xét tuyển ngành quản trị kinh doanh(cn marketing) năm 2017-2018 là gì?,"a, a1, c, d1",admiss_formal
189,tổ hợp môn xét tuyển ngành quản trị kinh doanh(cn quản trị nhà hàng-khách sạn) năm 2017-2018 là gì?,"a, a1, c, d1",admiss_formal
190,tổ hợp môn xét tuyển ngành luật năm 2017-2018 là gì?,"a, a1, c, d1",admiss_formal
191,tổ hợp môn xét tuyển ngành việt nam học(cn du lịch-lữ hành) năm 2017-2018 là gì?,"a1, c, c1, d1",admiss_formal
192,tổ hợp môn xét tuyển ngành việt nam học(cn quản lí du lịch) năm 2017-2018 là gì?,"a1, c, c1, d1",admiss_formal
193,tổ hợp môn xét tuyển ngành thiết kế công nghiệp năm 2017-2018 là gì?,"h, h1, h2",admiss_formal
194,tổ hợp môn xét tuyển ngành thiết kế đồ họa năm 2017-2018 là gì?,"h, h1, h2",admiss_formal
195,tổ hợp môn xét tuyển ngành thiết kế thời trang năm 2017-2018 là gì?,"h, h1, h2",admiss_formal
196,tổ hợp môn xét tuyển ngành nội thất năm 2017-2018 là gì?,"h, h1, h2",admiss_formal
197,tổ hợp môn xét tuyển ngành ngôn ngữ anh năm 2017-2018 là gì?,"d1, d11",admiss_formal
198,tổ hợp môn xét tuyển ngành ngôn ngữ trung năm 2017-2018 là gì?,"d1, d4, d11, d55",admiss_formal
199,tổ hợp môn xét tuyển ngành ngôn ngữ trung-anh năm 2017-2018 là gì?,"d1, d4, d11, d55",admiss_formal
200,tổ hợp môn xét tuyển ngành quản lí thể thao năm 2017-2018 là gì?,"a, d1, t, t1",admiss_formal
201,tổ hợp môn xét tuyển ngành kế toán năm 2017-2018 là gì?,"a, a1, c1, d1",admiss_formal
202,tổ hợp môn xét tuyển ngành tài chính ngân hàng năm 2017-2018 là gì?,"a, a1, c1, d1",admiss_formal
203,tổ hợp môn xét tuyển ngành quan hệ lao động năm 2017-2018 là gì?,"a, a1, c1, d1",admiss_formal
204,tổ hợp môn xét tuyển ngành xã hội học năm 2017-2018 là gì?,"a1, c, c1, d1",admiss_formal
205,tổ hợp môn xét tuyển ngành công tác xã hội năm 2017-2018 là gì?,"a1, c, c1, d1",admiss_formal
206,tổ hợp môn xét tuyển ngành bảo hộ lao động năm 2017-2018 là gì?,"a, b, c2",admiss_formal
207,tổ hợp môn xét tuyển ngành khoa học môi trường năm 2017-2018 là gì?,"a, b, c2",admiss_formal
208,tổ hợp môn xét tuyển ngành công nghệ kĩ thuật môi trường năm 2017-2018 là gì?,"a, b, c2",admiss_formal
209,tổ hợp môn xét tuyển ngành toán ứng dụng năm 2017-2018 là gì?,"a, a1, c1",admiss_formal
210,tổ hợp môn xét tuyển ngành toán thống kê năm 2017-2018 là gì?,"a, a1, c1",admiss_formal
211,tổ hợp môn xét tuyển ngành khoa học máy tính năm 2017-2018 là gì?,"a, a1, c1",admiss_formal
212,tổ hợp môn xét tuyển ngành truyền thông và mạng máy tính năm 2017-2018 là gì?,"a, a1, c1",admiss_formal
213,tổ hợp môn xét tuyển ngành kĩ thuật phần mềm năm 2017-2018 là gì?,"a, a1, c1",admiss_formal
214,tổ hợp môn xét tuyển ngành kĩ thuật hóa học năm 2017-2018 là gì?,"a, b, c2",admiss_formal
215,tổ hợp môn xét tuyển ngành  công nghệ sinh học năm 2017-2018 là gì?,"a, b",admiss_formal
216,tổ hợp môn xét tuyển ngành kiến trúc năm 2017-2018 là gì?,"v, v1",admiss_formal
217,tổ hợp môn xét tuyển ngành qui hoạch vùng đô thị năm 2017-2018 là gì?,"a, a1, v, v1",admiss_formal
218,tổ hợp môn xét tuyển ngành kĩ thuật công trình năm 2017-2018 là gì?,"a, a1, c1",admiss_formal
219,tổ hợp môn xét tuyển ngành kĩ thuật xây dựng công trình giao thông năm 2017-2018 là gì?,"a, a1, c1",admiss_formal
220,tổ hợp môn xét tuyển ngành kĩ thuật điện-điện tử năm 2017-2018 là gì?,"a, a1, c1",admiss_formal
221,tổ hợp môn xét tuyển ngành kĩ thuật điện tử truyền thông năm 2017-2018 là gì?,"a, a1, c1",admiss_formal
222,tổ hợp môn xét tuyển ngành kĩ thuật điều khiển và tự động hóa năm 2017-2018 là gì?,"a, a1, c1",admiss_formal
223,tuyển sinh clc có những hình thức nào?,"xét tuyển thắng, xét học bạ, xét điểm tốt nghiệp thpt",admiss_formal
224,tuyển sinh liên kết có những hình thức nào?,"xét tuyển thắng, xét học bạ, xét điểm tốt nghiệp thpt",admiss_formal
225,nếu xét đợt một không đậu có xét đợt hai hay không?,"không, chỉ được xét vào hệ clc.",admiss_formal
226,tổ hợp môn xét tuyển vào cntt?,"khối a, b, a1.",admiss_formal
227,tuyển sinh khoa công nghệ thông tin năm 2018-2019 lấy bao nhiêu sinh viên?,300,admiss_formal
228,tuyển sinh khoa  luật năm 2018-2019 lấy bao nhiêu sinh viên?,120,admiss_formal
229,tuyển sinh khoa kĩ thuật công trình năm 2018-2019 lấy bao nhiêu sinh viên?,110,admiss_formal
230,tuyển sinh khoa điện năm 2018-2019 lấy bao nhiêu sinh viên?,120,admiss_formal
231,tuyển sinh khoa khoa học ứng dụng năm 2018-2019 lấy bao nhiêu sinh viên?,300,admiss_formal
232,tuyển sinh khoa mĩ thuật công nghiệp năm 2018-2019 lấy bao nhiêu sinh viên?,200,admiss_formal
233,tuyển sinh khoa toán thống kê năm 2018-2019 lấy bao nhiêu sinh viên?,150,admiss_formal
234,tuyển sinh khoa kế toán năm 2018-2019 lấy bao nhiêu sinh viên?,350,admiss_formal
235,tuyển sinh khoa dược năm 2018-2019 lấy bao nhiêu sinh viên?,200,admiss_formal
236,tuyển sinh khoa ngôn ngữ anh năm 2018-2019 lấy bao nhiêu sinh viên?,320,admiss_formal
237,đối tượng xét tuyển dựa vào kết quả học tập trung học phổ thông gồm những ai?,"thí sinh học tập tại các trường thpt đã ký kết hợp tác với tdtu, đã hoàn thành chương trình lớp 12 bậc thpt năm 2019 (chưa có kết quả học kỳ cuối của lớp 12), đủ điều kiện xét tuyển theo quy định của trường",admiss_formal
238,phạm vi xét tuyển dựa vào kết quả học tập trung học phổ thông?,xét tuyển vào tất cả các ngành bậc đại học của tất cả các chương trình,admiss_formal
239,điều kiện xét tuyển dựa vào kết quả học tập trung học phổ thông?,"xét tuyển theo kết quả học tập 5 học kỳ (hk1, hk2 lớp 10; hk1, hk2 lớp 11; hk1 lớp 12) đảm bảo các điều kiện sau: thí sinh có điểm trung bình 05 học kỳ của từng môn trong tổ hợp xét tuyển ≥ 6,00; đồng thời đạt ngưỡng bảo đảm chất lượng đầu vào (điểm xét tuyển 05 học kỳ và điều kiện môn học) theo từng ngành được quy định ở phụ lục 1. thí sinh xét tuyển vào các ngành năng khiếu (thiết kế công nghiệp, thiết kế đồ họa, thiết kế thời trang, thiết kế nội thất, kiến trúc) phải tham gia thi môn vẽ hình họa mỹ thuật do tdtu tổ chức. tdtu không nhận điểm thi năng khiếu của các trường khác",admiss_formal
240,đối tượng xét tuyển dựa vào kết quả thi trung học phổ thông quốc gia gồm những ai?,thí sinh đã tốt nghiệp thpt (hoặc tương đương theo quy định của bộ gd&đt) và có kết quả điểm trong kỳ thi thpt quốc gia (thptqg) năm 2019,admiss_formal
241,thời gian công bố kết quả trúng tuyển năm 2019?,kết quả trúng tuyển sẽ được tdtu thông báo trước 17h00 ngày 09/8/2019 trên website: http://admission.tdtu.edu.vn,admiss_formal
242,thời gian thí sinh trúng tuyển nộp giấy chứng nhận kết quả thi trung học phổ thông năm 2019?,thời gian nộp bản gốc giấy chứng nhận kết quả thi thptqg: từ ngày 10/8/2019 đến trước 17h00 ngày 15/8/2019 (tính theo dấu bưu điện nếu nộp qua bưu điện),admiss_formal
243,thời gian nhận thứ mời nhập học và làm thủ tục nhập học năm 2019?,"căn cứ vào kết quả trúng tuyển công bố trên website http://admission.tdtu.edu.vn, thí sinh đến tdtu nhận thư mời nhập học trực tiếp và làm thủ tục nhập học từ 12/8 – 18/8/2019. (nhằm tạo điều kiện thuận lợi cho thí sinh, thí sinh có thể làm thủ tục nhập học ngay khi xác nhận nhập học từ ngày 10/8/2019)",admiss_formal
244,"xét tuyển năm 2019 có qui định về điểm ưu tiên đối tượng, khu vực không?",có,admiss_formal
245,điểm cộng theo quy định của bộ gd&đt (thang 30 điểm) năm 2019 với khu vực 1?,0.75,admiss_formal
246,điểm cộng theo quy định của bộ gd&đt (thang 30 điểm) năm 2019 với khu vực 2nt?,0.5,admiss_formal
247,điểm cộng theo quy định của bộ gd&đt (thang 30 điểm) năm 2019 với khu vực 2?,0.25,admiss_formal
248,điểm cộng theo quy định của bộ gd&đt (thang 30 điểm) năm 2019 với khu vực 3?,0,admiss_formal
249,điểm cộng theo quy định của bộ gd&đt (thang 30 điểm) năm 2019 với đối tượng 1?,2,admiss_formal
250,điểm cộng theo quy định của bộ gd&đt (thang 30 điểm) năm 2019 với đối tượng 2?,2,admiss_formal
251,điểm cộng theo quy định của bộ gd&đt (thang 30 điểm) năm 2019 với đối tượng 3?,2,admiss_formal
252,điểm cộng theo quy định của bộ gd&đt (thang 30 điểm) năm 2019 với đối tượng 4?,2,admiss_formal
253,điểm cộng theo quy định của bộ gd&đt (thang 30 điểm) năm 2019 với đối tượng 5?,1,admiss_formal
254,điểm cộng theo quy định của bộ gd&đt (thang 30 điểm) năm 2019 với đối tượng 6?,1,admiss_formal
255,điểm cộng theo quy định của đại học tôn đức thắng (thang 40 điểm) năm 2019 với khu vực 1?,1,admiss_formal
256,điểm cộng theo quy định của đại học tôn đức thắng (thang 40 điểm) năm 2019 với khu vực 2nt?,0.67,admiss_formal
257,điểm cộng theo quy định của đại học tôn đức thắng (thang 40 điểm) năm 2019 với khu vực 2?,0.33,admiss_formal
258,điểm cộng theo quy định của đại học tôn đức thắng (thang 40 điểm) năm 2019 với khu vực 3?,0,admiss_formal
259,điểm cộng theo quy định của đại học tôn đức thắng (thang 40 điểm) năm 2019 với đối tượng 1?,2.67,admiss_formal
260,điểm cộng theo quy định của đại học tôn đức thắng (thang 40 điểm) năm 2019 với đối tượng 2?,2.67,admiss_formal
261,điểm cộng theo quy định của đại học tôn đức thắng (thang 40 điểm) năm 2019 với đối tượng 3?,2.67,admiss_formal
262,điểm cộng theo quy định của đại học tôn đức thắng (thang 40 điểm) năm 2019 với đối tượng 4?,2.67,admiss_formal
263,điểm cộng theo quy định của đại học tôn đức thắng (thang 40 điểm) năm 2019 với đối tượng 5?,1.33,admiss_formal
264,điểm cộng theo quy định của đại học tôn đức thắng (thang 40 điểm) năm 2019 với đối tượng 6?,1.33,admiss_formal
265,đối tượng thi tuyển năng khiếu gồm những ai?,"thí sinh tốt nghiệp trung học phổ thông (thpt) đăng ký xét tuyển vào đại học chính quy của trường đại học tôn đức thắng (tdtu) các ngành: kiến trúc, quy hoạch vùng và đô thị, thiết kế công nghiệp, thiết kế đồ họa, thiết kế thời trang, thiết kế nội thất, quản lý thể dục thể thao, golf theo các phương thức xét tuyển của tdtu năm 2019, bao gồm: phương thức xét tuyển theo kết quả quá trình học tập thpt (phương thức 1), phương thức xét tuyển theo kết quả thi thpt quốc gia 2019 (phương thức 2), phương thức xét tuyển thẳng (phương thức 3)",admiss_formal
266,có bao nhiêu hình thức thi vào trường tôn đức thắng ?,có thể nộp hồ sơ xét tuyển hoặc thi đại học,admiss_formal
267,trường tôn đức thắng có nhận hồ sơ xét tuyển không ?,có,admiss_formal
268,đối tượng nào được ưu tiên điểm xét tuyển và các quy định được áp dụng ?,các đối tượng theo quy chế tuyển sinh của bộ gd&đt.;thí sinh các trường chuyên trên cả nước và một số trường trọng điểm tại tphcm.(danh  sách trường mà thí sinh được xét ưu tiên tuyển thẳng công bố tại website admission.tdtu.edu.vn).;thí sinh có chứng chỉielts 5.0 trở lên (hoặc chứng chỉ tiếng anh quốc tế tương đương); thí sinh đã học thpt ở các nước mà tiếng anh là ngôn ngữ chính; thí sinh học các chương trình thpt nước ngoài ở các trường thpt quốc tế tại việt nam... được xét tuyển thẳng vào các chương trình đại học dạy -học bằng tiếng anh(dựa vào kết quả học tập bậc thpt),admiss_formal
269,xét tuyển thẳng áp dụng cho những đối tượng nào ?,dành cho thí sinh thuộc các trường thpt chuyên trên cả nước; một số trường trọng điểm tại tphcm; các trường có yếu tố quốc tế.,admiss_formal
270,có những điều gì cần lưu ý cho hồ sơ xét tuyển bậc đại học ?,"phiếu đăng ký xét tuyển thẳng; bản photocopy học bạ 3 năm học thpt; hai phong bì đã dán tem và ghi rõ họ tên, địa chỉ liên lạc, số điện thoại của thí sinh; hai ảnh chân dung cỡ 4 x 6;  bản photocopy hộ khẩu thường trú (đối với diện xét tuyển thẳng tại điểm i; bản photocopy có chứng thực giấy xác nhận thí sinh là người khuyết tật đặc biệt nặng do cơ quan có thẩm quyền cấp theo quy định (đối với diện xét tuyển thẳng tại điểm g);",admiss_formal
271,đối tương tuyển sinh xét tuyển đợt 2 dựa vào kết quả quá trình học tập thpt ?,đối với học sinh các trường thpt chưa ký kết hợp tác với tdtu,admiss_formal
272,đối tương tuyển sinh xét tuyển đợt 2 dựa vào kết quả quá trình học tập thpt chưa ký kết hợp tác với tdtu?,thí sinh đã hoàn tất chương trình lớp 12 bậc thpt năm 2019 của các trường thpt chưa ký kết hợp tác với tdtu  xét tuyển theo kết quả học tập 06 học kỳ vào tất cả các ngành,admiss_formal
273,đối tượng tuyển sinh xét tuyển đợt 3 vào chương trình chất lượng cao dạy - học bằng tiếng anh là gì ?,"thí sinh đã hoàn tất chương trình lớp 12 bậc thpt năm 2019 trên cả nước, đủ điều kiện đăng ký xét tuyển theo quy định của trường vào chương trình chất lượng cao dạy - học bằng tiếng anh",admiss_formal
274,phạm vi tuyển sinh xét tuyển đợt 3 vào chương trình chất lượng cao dạy - học bằng tiếng anh là gì ?,09 ngành giáo dục bậc đại học của chương trình chất lượng cao dạy - học bằng tiếng anh,admiss_formal
275,điều kiện tuyển sinh xét tuyển đợt 3 vào chương trình chất lượng cao dạy - học bằng tiếng anh là gì ?,đối với thí sinh thuộc trường thpt đã ký kết với tdtu áp dụng theo điều kiện xét tuyển của đợt 1 (xét theo điểm 05hk);,admiss_formal
276,đối tượng tuyển sinh xét tuyển theo phương thức 2 xét tuyển dựa vào kết quả thi thpt quốc gia 2019 là gì ?,hệ chất lượng cao cần bao nhiêu điểm tích lũy tín chỉ để ra trường?,admiss_formal
277,hệ chất lượng cao cần bao nhiêu điểm tích lũy tín chỉ để ra trường?,hệ chất lượng cao cần 148 tín chỉ. còn hệ đại trà là 136 tín chỉ,admiss_formal
278,thời điểm tuyển sinh học bạ 2019?,"1/4-25/5, 3/6-5/7, 8/7-9/8",admiss_time
279,thời điểm tuyển sinh xét điểm tốt nghiệp?,"1/4-20/4 thí sinh tự do, trước 22/7 công bố mức điểm nhận, 22/7-29/7 điều chỉnh nguyện vọng trực tiếp, 22/7-31/7 điều chỉnh nguyện vọng bằng phiếu giấy",admiss_time
280,thời điểm tuyển sinh của khoa cntt là lúc nào?,16/7/2019,admiss_time
281,thời gian công bố điểm xét tuyển?,1/8/2019,admiss_time
282,thời điểm tuyển sinh trường đại học tôn đức thắng năm 2019?,từ ngày 16/7,admiss_time
283,thời điểm tuyển sinh trường đại học tôn đức thắng năm 2019?,từ ngày 16/7,admiss_time
284,có thể xét tuyển vào trường bằng kết quả học bạ thpt không và vào thời gian nào ?,đợt 1 (1/4-25/5/2019); đợt 2 (3/6-5/7/2019); đợt 3 (8/7-9/8/2019),admiss_time
285,đến lúc nào thì có thể biết được kết quả xét tuyển học bạ năm 2019?,[unknown],admiss_time
286,đến lúc nào thì có thể biết được kết quả xét tuyển theo kết quả thi thpt quốc gia ?,[unknown],admiss_time
287,mốc thời gian xét học bạ đợt 1 ?,từ 01/4/2019 đến hết ngày 25/5/2019 : thời gian đăng ký xét tuyển trực tuyến tại http://xettuyen.tdtu.edu.vn,admiss_time
288,trường nhận hồ sơ vào thời gian nào ? có nhận hồ sơ vào chủ nhật không ?,đh tôn đức thắng nhận hồ sơ trực tiếp từ thứ 2 đến thứ 7 . từ 7:30 - 17:00,admiss_time
289,tdt tuyển sinh thời gian nào?,tháng 8,admiss_time
290,thời gian xét tuyển dựa vào kết quả quá trình học tập thpt đợt 1 ?,đợt 1 : 01/4/2019-25/2019,admiss_time
291,thời gian xét tuyển dựa vào kết quả quá trình học tập thpt đợt 2 ?,đợt 2 : 03/6/2019-05/7/2019,admiss_time
292,thời gian xét tuyển dựa vào kết quả quá trình học tập thpt đợt 3 ?,đợt 3 : 08/7/2019-09/8/2019,admiss_time
293,các đợt xét tuyển dựa vào kết quả quá trình học tập thpt ?,đợt 1 : 01/4/2019-25/2019 ; đợt 2 : 03/6/2019-05/7/2019 ; đợt 3 : 08/7/2019-09/8/2019,admiss_time
294,thời gian công bố kết quả xét tuyển theo phương thức 2 là khi nào ?,trước 17h00 ngày 09/8/2019,admiss_time
295,thời gian đăng ký xét tuyển theo phương thức 3 là khi nào ?,"thí sinh đăng ký xét tuyển thẳng, ưu tiên xét tuyển làm hồ sơ gửi về sở gd&đt trước ngày 20/05/2019",admiss_time
296,tdt tuyển sinh thời gian nào?,tháng 8,admiss_time
297,thời gian xét tuyển học bạ đợt 1 ?,1/4 25/5/2019,admiss_time
298,thời gian xét tuyển học bạ đợt 2 ?,3/6 5/7/2019,admiss_time
299,thời gian xét tuyển học bạ đợt 3 ?,8/7 9/8/2019,admiss_time
300,thời gian xét tuyển đợt 1 khi nào?,tháng 5 2019 đến tháng 7 2019,admiss_time
301,thời gian xét tuyển đợt 2 khi nào?,tháng 8 2019 đến giữa tháng 9 2019,admiss_time
302,thời gian xét tuyển đợt 3 khi nào?,sau đợt 2 cho đến cuối tháng 10,admiss_time
303,đăng ký xét tuyển du học campus vào thời gian nào?,"tháng 4/2019 đến cuối tháng 5/2019 là sinh viên đã nhập học, 06/2019 thí sinh toàn quốc, đợt bổ sung cho thí sinh toàn quốc 8/2019 đến cuối tháng 8/2019",admiss_time
304,tdt tuyển sinh vào thời gian nào?,có 3 đợt nhưng không biết đợt 1. đợt 2. đợt 3,admiss_time
305,em muốn theo học ngành dược của trường thì học phí là bao nhiêu ạ?,khoảng 19 triệu/ năm,admiss_school_fee
306,em muốn theo học ngành kinh doanh quốc tế chất lượng cao thì học phí là bao nhiêu ạ?,học phí dao động từ 44 – 45 triệu / năm,admiss_school_fee
307,ngành luật học phí bao nhiêu ạ?,trung bình 20000000 đồng/ năm,admiss_school_fee
308,"em dự định xét tuyển vào trường bằng phương thức xét tuyển theo kết quả quá trình học tập bậc thpt thì học phí của em có đắt hơn không,có bị xếp lớp học riêng, không được học chung với các bạn xét tuyển theo hình thức thi thpt quốc gia không?","sinh viên trúng tuyển theo phương thức xét học bạ, xét điểm thi, xét tuyển thẳng nếu cùng ngành và cùng chương trình thì sẽ học chung lớp không khác gì về chương trình học, học phí, cũng như bằng cấp. vì vậy, nếu thí sinh đã trúng tuyển vào đúng ngành chương trình mình yêu thích thì nhanh chóng làm thủ tục nhập học để không bỏ lỡ cơ hội.",admiss_school_fee
309,học phí của trường đại học tôn đức thắng?,học phí trung bình là 17tr. tăng mỗi năm 20%,admiss_school_fee
310,học phí mỗi năm như thế nào?,tăng 20%,admiss_school_fee
311,học sinh liên kết đóng bao nhiêu học phí?,30.000.000đ,admiss_school_fee
312,học phí trung bình 1 hk ở tdt?,10 triệu,admiss_school_fee
313,học phí clc là bao nhiêu?,20 triệu,admiss_school_fee
314,học phí cntt bao nhiêu 1 năm?,20 triệu,admiss_school_fee
315,học phí kế toán bao nhiêu 1 năm?,20 triệu,admiss_school_fee
316,học phí ngành luật bao nhiêu 1 năm?,20 triệu- có thể hoãn đóng học phí được không?,admiss_school_fee
317,nếu không đóng học phí thì sao?,thì gap học kì đó,admiss_school_fee
318,"tổng học phí 4 năm đào tạo ngành kế toán tại đại học west of england, bristol-vương quốc anh là bao nhiêu ?",521.750.000 – 537.100.000,admiss_school_fee
319,tổng học phí 4 năm đào tạo ngành tài chính tại đại học fengchia-đài loan là bao nhiêu ?,260.000.000,admiss_school_fee
320,tổng học phí 4 năm đào tạo ngành tài chính tại đại học khoa học và công nghệ lunghwa-đài loan là bao nhiêu ?,191.190.000,admiss_school_fee
321,tổng học phí 4 năm đào tạo ngành tài chính và kiểm soát tại đại học khoa học ứng dụng saxion-hà lan là bao nhiêu ?,318.600.000,admiss_school_fee
322,tổng học phí 4 năm đào tạo ngành quản trị nhà hàng khách sạn đại học taylor’s-malaysia là bao nhiêu ?,455.761.750,admiss_school_fee
323,tổng học phí 4 năm đào tạo ngành quản trị kinh doanh đại học kinh tế praha-cộng hòa séc là bao nhiêu ?,294.400.000,admiss_school_fee
324,tổng học phí 4 năm đào tạo ngành quản trị kinh doanh quốc tế đại học khoa học và công nghệ lunghwa-đài loan là bao nhiêu ?,191.190.000,admiss_school_fee
325,học phí học kỳ dự thính được tính thế nào?,phí 1 tín chỉ/ học kỳ,admiss_school_fee
326,học phí trung bình của trường đại học tôn đức thắng vào khoản bao nhiêu ?,"đối với khoá đại trà vào khoản 20 triệu một học kì, khoá chất lượng cao và hợp tác quốc tế vào khoản 40 triệu một năm.",admiss_school_fee
327,học phí trường có tăng theo từng năm không?,có,admiss_school_fee
328,học phí trong một học kì là bao nhiêu?,phụ thuộc vào tín chỉ môn học đăng kí,admiss_school_fee
329,học phí trung bình 1 hk ở tdt?,10 triệu,admiss_school_fee
330,học phí clc là bao nhiêu?,20 triệu,admiss_school_fee
331,quên đóng học phí có sao không?,"có, sẽ không đủ điều kiện dự thi tất cả các môn trong học kỳ đó và bị ghi điểm f.",admiss_school_fee
332,cách xử lý khi trễ hạn học phí?,làm đơn cứu xét tại phòng a005 để xin đóng học phí,admiss_school_fee
333,nếu sinh viên không đóng học phí?,bị hủy kết quả điểm trong học kỳ đó.,admiss_school_fee
334,học phí nhà trường có cao không?,"cao so với một số trường, và phù hợp với cơ sở vật chất và chất lượng đào tạo...",admiss_school_fee
335,học phí của từng ngành?,tùy vào số tín chỉ mỗi môn đăng ký.,admiss_school_fee
336,học sinh liên kết thì đóng bao nhiêu học phí?,30 triệu/ kì.,admiss_school_fee
337,mức tăng học phí mỗi năm?,tăng 20%.,admiss_school_fee
338,học lại có phải đóng học phí hay không?,có,admiss_school_fee
339,học phí trung bình của mỗi năm là bao nhiêu?,18 triệu,admiss_school_fee
340,học phí ở trường có cao hay không?,"tùy vào điều kiện mỗi người mà học phí có thể cao hoặc thấp, nhìn chung học phí của trường nằm ở mức trung bình so với các trường khác",admiss_school_fee
341,làm sao để tính học phí cho một kỳ?,học phí của một kỳ tính bằng tổng số học phí của từng môn học trong kỳ đó,admiss_school_fee
342,làm sao để tính học phí của một môn học?,"thông thường học phí của một môn học dựa trên số tín chỉ của môn đó, mỗi tính chỉ sẽ có một mức phí khác nhau. những môn không có tín chỉ sẽ được tính theo cách khác.",admiss_school_fee
343,làm sao để biết mức phí của một tín chỉ?,"phụ thuộc vào từng loại môn học, tuy nhiên mức phí sẽ không chên lệch quá 10% so với kỳ trước đó",admiss_school_fee
344,những môn không có tính chỉ sẽ tính học phí như nào?,"học phí sẽ được trường niêm yết và học phí các môn không có tính chỉ sẽ phụ thuộc vào số tiết học, quy về số chỉ tương đương",admiss_school_fee
345,học phí các môn kỹ năng?,"các môn kỹ năng không có số chỉ và số tiết lớn như các môn quốc phòng,... nhưng giá trị nó mang lại là rất lớn. nên học phí sẽ tăng theo giá trị mang lại đó",admiss_school_fee
346,đóng học phí như thế nào?,sinh viên có hai hình thức đóng học phí: chuyển khoản qua ngân hàng hoặc đóng trực tiếp tại vietcombank,admiss_school_fee
347,"nếu bỏ lỡ một đợt đóng học phí, có bị kỷ luật gì không?","sẽ có mở các đợt đóng khác, tuy nhiên sinh viên có thể bị kỷ luật tùy theo mức độ và số lần tái phạm",admiss_school_fee
348,có bao nhiêu đợt đóng học phí?,thông thường sẽ có 5 đợt đóng học phí,admiss_school_fee
349,học phí mỗi năm tăng bao nhiêu?,học phí tăng trung bình 10% so với năm trước.,admiss_school_fee
350,một tín chỉ trung bình bao nhiêu tiền?,hiện tại một tín chỉ khoảng 840k và sẽ tăng lên theo các năm,admiss_school_fee
351,trung bình một năm sinh viên phải đóng bao nhiêu tiền học phí?,"hiện tại, một năm sinh viên đóng khoảng hơn 20 triệu cho tiền học phí.",admiss_school_fee
352,thời gian tối đa mà sinh viên có thể gia hạn học phí là bao lâu?,khoảng 1 tháng tùy trường hợp,admiss_school_fee
353,nếu sinh viên không đóng học phí trong học kỳ?,sinh viên sẽ không có tên trong danh sách lớp và có khả năng bị kỷ luật tùy theo mức độ,admiss_school_fee
354,xem hướng dẫn đóng học phí ở đâu?,"cổng thông tin sinh viên, mục học phí",admiss_school_fee
355,"bảo hiểm y tế, bảo hiểm tai nạn được đóng chung đợt với học phí không?","không, sẽ có đợt riêng về bảo hiểm",admiss_school_fee
356,"khi có sai sót xảy ra trong lúc đóng học phí, sinh viên cần làm gì?",sinh viên cần liên hệ phòng tài chính để được hướng dẫn,admiss_school_fee
357,học phí kì này của cậu là bao nhiêu?,15 triệu đó bạn,admiss_school_fee
358,học phí tiêu chuẩn của mỗi ngành là bao nhiêu?,dao động từ 9 triệu - 11 triệu/ 1 học kì,admiss_school_fee
359,học phí các ngành kỹ thuật có mắc không ?,có,admiss_school_fee
360,học phí các ngành kinh tế có mắc không ?,có,admiss_school_fee
361,học phí của 1 chỉ khoa hệ đại trà là bao nhiêu?,370k,admiss_school_fee
362,học phí của 1 chỉ khoa hệ clc là bao nhiêu?,560k,admiss_school_fee
363,học phí hệ đại trà dao động?,18tr5-20tr/ học kì,admiss_school_fee
364,học phí hệ clc dao động?,38tr-42tr/ học kì,admiss_school_fee
365,học phí môn thể chất?,640k,admiss_school_fee
366,học phí môn bơi?,640k,admiss_school_fee
367,học phí có thể nộp qua ngân hàng không?,có thể,admiss_school_fee
368,học phí nộp tại trường được không?,tuỳ theo đợt nộp. đa số được nộp qua ngân hàng,admiss_school_fee
369,học phí trung bình của mỗi năm là bao nhiêu?,18 triệu,admiss_school_fee
370,học phí trung bình 1 hk là bao nhiêu?,tùy ngành và chuyên ngành số tiền khoảng 15+17tr.,admiss_school_fee
371,học phí trung bình 1 năm là bao nhiêu?,tùy ngành và chuyên ngành số tiền khoảng 20+25tr.,admiss_school_fee
372,học phí có tăng trong quá trình học không?,tùy vào từng thời điểm nhưng theo qui định tăng không quá 20%.,admiss_school_fee
373,đóng học phí bằng cách nào?,"chuyển khoản, đóng tại các ngân hàng có liên kết với trường hoặc đóng trực tiếp tại phòng tài chính.",admiss_school_fee
374,nếu quên đóng học phí phải làm sao?,theo dõi thông báo trên hệ thống để biết được thời gian đóng bổ sung.,admiss_school_fee
375,ngoài học phí có phát sinh thêm chi phí nào không?,có các khoản về bảo hiểm y tế và tài nạn theo qui định của nhà nước và một số khoản phí khác tùy giai đoạn học.,admiss_school_fee
376,học phí trường như thế nào?,"tùy theo khối ngành mà khác nhau, nhưng tóm lại thì đắt hơn mặt bằng chung",admiss_school_fee
377,học phí một học kì ngành kĩ thuật?,trung bình khoảng 15 triệu,admiss_school_fee
378,học phí chất lượng cao so với hệ đại trà nhiều hơn bao nhiêu phần trăm?,học phí chât lượng cao gần gấp đôi học phí hệ đại trà.,admiss_school_fee
379,học phí của trường đại học tôn đức thắng?,học phí trung bình là 17tr. tăng mỗi năm 20%,admiss_school_fee
380,học phí mỗi năm như thế nào?,tăng 20%,admiss_school_fee
381,trường tdt học phí 1 năm bao nhiêu tiền?,tùy vào ngành học sẽ có mức học phí khác nhau. như ngành cntt thì khoản 20 triệu 1 năm,admiss_school_fee
382,học phí của chất lượng cao với đại trà có gì khác biệt không?,không phí chất lương cao sẽ hơn đại trà 5 đến 7 triệu tùy theo ngành nghề,admiss_school_fee
383,học phí trung bình ở trường là bao nhiêu?,từ 18 triệu tới 20 triệu.,admiss_school_fee
384,học phí ở trường là bao nhiêu?,từ 18 triệu tới 20 triệu.,admiss_school_fee
385,trong quá trình học thì trường có thay đổi học phí không ạ ?,tăng không quá 20%/năm,admiss_school_fee
386,trung bình học phí ở trường là bao nhiêu?,chương trình đại trà từ 9 triệu tới 12 triệu.,admiss_school_fee
387,khi nào dh tôn đức thắng được chính phủ việt nam đã cho phép từ đại học bán công sang công lập theo cơ chế tự chủ việc thu chi học phí?,ngày 22 tháng 6 năm 2006,admiss_school_fee
388,học phí cho các ngành của khoa quản trị kinh doanh bao nhiêu ạ?,trung bình 20000000 đồng/năm,admiss_school_fee
389,học phí trung bình một năm là bao nhiêu?,hai mươi triệu.,admiss_school_fee
390,học phí trường giữ nguyên hay tăng theo từng năm?,tăng theo từng năm,admiss_school_fee
391,thời gian đóng học phí?,"thông thường, thời gian đóng học phí sẽ được mở trước khi vào học kỳ khoảng một tháng",admiss_school_fee
392,có thể đóng học phí vào khoảng thời gian nào?,"vào các đợt mở đóng học phí, thường là khoảng 1 tháng trước khi bắt đầu kỳ học.",admiss_school_fee
393,học sinh liên kết đóng bao nhiêu học phí?,30.000.000đ,admiss_school_fee
394,bạn đóng tiền học kì sau chưa?,mình đóng rồi.,admiss_school_fee
395,bao nhiêu tiền 1 tín chỉ ?,500k / 1 tín chỉ,admiss_school_fee
396,bao nhiêu tiền 1 tín chỉ  cho chương trình đại trà?,khoảng 500k 1 tín chỉ,admiss_school_fee
397,ngành nào của tdt là mắc tiền nhất?,[unknown],admiss_school_fee
398,mỗi năm sinh viên phải trả bao nhiêu cho chi phí học tập ?,15.770.000 đồng/năm,admiss_school_fee
399,chi phí xét tuyển theo phương thức 3 là bao nhiêu ?,30.000đ/thí sinh/hồ sơ,admiss_school_fee
400,chi phí xét tuyển dựa vào kết quả học tập trung học phổ thông?,30.000 đồng/hồ sơ,admiss_school_fee
401,chi phí đăng kí thi môn năng khiếu?,300000 đồng/đợt thi,admiss_school_fee
402,lệ phí xét tuyển/thi tuyển?,lệ phí xét tuyển 30.000 vnđ/hồ sơ;,admiss_school_fee
403,lệ phí thi năng khiếu?,lệ phí thi năng khiếu: 300.000 vnđ/hồ sơ/đợt thi,admiss_school_fee
404,lệ phí thi đánh giá năng lực tiếng anh?,lệ phí thi đánh giá năng lực tiếng anh: 300.000 đồng/hồ sơ,admiss_school_fee
405,lệ phí xét tuyển là bao nhiêu?,30.000đ,admiss_school_fee
406,nộp 2 nguyện vọng xét học bạ thì lệ phí là bao nhiêu?,cũng 30.000đ,admiss_school_fee
407,chi phí đăng ký xét tuyển học bạ là bao nhiêu ?,30 nghìn 1 hồ sơ,admiss_school_fee
408,chi phí đăng ký dự thi môn năng khiếu là bao nhiều ?,300 nghìn,admiss_school_fee
409,chi phí tổ chức thi năng lực tiếng anh là bao nhiêu ?,300 nghìn,admiss_school_fee
410,đóng tiền qua ngân hàng nào ?,vietcombank,admiss_school_fee
411,"lịch nhận hồ sơ xét tuyển, thi tuyển trình độ tiến sỹ vào thời gian nào?",nhận hồ sơ dự tuyển: đến 17h ngày 12/11/2019,admiss_school_fee
412,lịch nhận hồ sơ xét tuyển thi tuyển trình độ thạc sỹ vào thời gian nào?,"nhận hồ sơ đăng ký ôn thi, bổ sung kiến thức: đến hết này 25/10/2019",admiss_school_fee
413,có thể xét tuyển vào trường bằng kết quả học bạ thpt không và vào thời gian nào ?,đợt 1 (1/4-25/5/2019); đợt 2 (3/6-5/7/2019); đợt 3 (8/7-9/8/2019),admiss_school_fee
414,ngành khoa học máy tính có bao nhiêu chuyên ngành?,ngay tại thời điểm bây giờ thì có 4 chuyên ngành khác nhau,admiss_specialty
415,số ngành được giảng dạy bằng tiếng việt thuộc chương trình tiêu chuẩn là ?,chương trình tiếng việt gồm 40 ngành.,admiss_specialty
416,chương trình giảng dạy bằng 50% tiếng anh được áp dụng cho những ngành nào ?,chương trình 50% tiếng anh gồm 57 ngành.,admiss_specialty
417,chương trình giảng dạy bằng 100% tiếng anh được áp dụng cho những ngành nào ?,chương trình 100% tiếng anh gồm 66 ngành.,admiss_specialty
418,chương trình giảng dạy theo chương trình liên kết quốc tế có bao nhiêu ngành ?,chương trình du học luân chuyển campus gồm 85 ngành.,admiss_specialty
419,có bao nhiêu nghành thuộc chương trình tuyển sinh liên kết ?,9,admiss_specialty
420,hai chuyên ngành của ngành khoa học máy tính khoa công nghệ thông tin?,có 2 chuyên ngành : hệ thống thông tin và tính toán thông minh,admiss_specialty
421,trường có đào tạo ngành khoa học máy tính không?,có,admiss_specialty
422,trường có đào tạo cao học ngành khoa học máy tính không?,có,admiss_specialty
423,khoa công nghệ thông tin hiện đang đào tạo mấy ngành ?,"3 ngành bao gồm: khoa học máy tính, kỹ thuật phần mềm, mạng máy tính và truyền thông.",admiss_specialty
424,ngành nào yêu cầu học lực giỏi ?,trừ ngành dược yêu cầu học lực giỏi lớp 12 các ngành còn lại không yêu cầu học lực.,admiss_specialty
425,ngành nào thì được xét học bạ ?,tất cả các ngành và chương trình đào tạo đều có thể xét qua phương thức xét học bạ.,admiss_specialty
426,ngành nào yêu cầu học lực giỏi khi tuyển sinh băng hình thức học bạ?,khoa dược.,admiss_specialty
427,ngành nào được xét tuyển học bạ?,tất cả các ngành.,admiss_specialty
428,khoa cntt có bao nhiêu chuyên ngành?,gồm 4 chuyên ngành,admiss_specialty
429,mã ngành ngôn ngữ anh của trường đh tđt?,7220201,admiss_specialty
430,mã ngành khoa học máy tính?,52480101.,admiss_specialty
431,có bao nhiêu ngành trong cntt?,4,admiss_specialty
432,ngành cntt đào tạo mấy năm?,4 năm,admiss_specialty
433,ngành kế toán đào tạo mấy năm?,4 năm,admiss_specialty
434,ngành luật đào tạo mấy năm?,4 năm,admiss_specialty
435,ngành dược đào tạo mấy năm?,6 năm,admiss_specialty
436,ngành ngân hàng đào tạo mấy năm?,4 năm,admiss_specialty
437,ngành ngôn ngữ anh đào tạo mấy năm?,4 năm,admiss_specialty
438,trưởng tdt có tổng cộng bao nhiêu ngành của chương trình tiêu chuẩn ?,39 ngành,admiss_specialty
439,khoa công nghệ thông tin trường đại học tôn đức thắng có bao nhiêu chuyên ngành?,hiện nay khoa đang đào tạo 4 chuyên ngành.,admiss_specialty
440,trường đại học tôn đức thắng có đào tạo sau đại học các ngành nào ?,hiện trường đào tạo 18 ngành thạc sĩ và 26 ngành tiến sĩ.,admiss_specialty
441,trường có ngành khoa học máy tính không?,có,admiss_specialty
442,ngành kế toán lương có cao không?,cao,admiss_specialty
443,có bao nhiêu ngành trong cntt?,4,admiss_specialty
444,khoa công nghệ thông tin hiện đang đào tạo mấy ngành ?,"3 ngành bao gồm: khoa học máy tính, kỹ thuật phần mềm, mạng máy tính và truyền thông.",admiss_specialty
445,sinh viên khóa 20 khoa công nghệ thông tin tốt nghiệp bao nhiêu số tín chỉ tích lũy của ngành?,136 chỉ,admiss_specialty
446,cao đẳng gồm bao nhiêu ngành?,13 ngành,admiss_specialty
447,đại học gồm bao nhiêu ngành?,40,admiss_specialty
448,khoa cntt có bao nhiêu chuyên ngành?,"có 4 chuyên ngành: công nghệ phần mềm, trí tuệ nhân tạo, mạng máy tính truyền thông và hệ thống thông tin.",admiss_specialty
449,có bao nhiêu chuyên ngành đào tạo thạc sỹ và tiến sỹ?,18 chuyên ngành thạc sĩ và 6 chuyên ngành tiến sĩ,admiss_specialty
450,ngành cntt có cần mos không?,không cần.,admiss_specialty
451,có bao nhiêu ngành trong trường?,40 nghành thuộc chương trình tiêu chuẩn và 17 ngành thuộc chương trình chất lượng cao,admiss_specialty
452,ngành nào được thí sinh lựa chọn nhiều: các ngành top của trường là?,"công nghệ thông tin, quản trị kinh doanh, kinh doanh quốc tế, dược.",admiss_specialty
453,có bao nhiêu chuyên ngành đào tạo hệ cao đẳng?,13 ngành,admiss_specialty
454,có thể đăng kí học 2 chuyên ngành một lúc không?,có,admiss_specialty
455,ủa 17 khoa thì trường này chắc nhiều ngành lắm ha?,40 chuyên ngành luôn đó.,admiss_specialty
456,trường có tuyển ngành khoa học máy tính không ?,có,admiss_specialty
457,trường có tuyển ngành kỹ thuật phần mềm không ?,có,admiss_specialty
458,trường có tuyển ngành cơ điện tử không ?,có,admiss_specialty
459,trường có tuyển ngành kỹ thuật truyền thông không ?,có,admiss_specialty
460,trường có tuyển ngành quản trị kinh doanh không ?,có,admiss_specialty
461,trường có tuyển ngành quản lý nhân sự không ?,có,admiss_specialty
462,trường có tuyển ngành quản lý nhà hàng khách sạn không ?,có,admiss_specialty
463,trường có tuyển ngành khoa học ứng dụng không ?,có,admiss_specialty
464,trường có tuyển ngành khoa học thể thao không ?,có,admiss_specialty
465,trường có tuyển ngành mỹ thuật công nghiệp không ?,có,admiss_specialty
466,trường có tuyển ngành dược sĩ không ?,có,admiss_specialty
467,ngành khoa học máy tính có cần học lực giỏi ở lớp 12 không ?,không,admiss_specialty
468,tdt có bao nhiêu ngành học?,39,admiss_specialty
469,tdt có ngành dược không?,có.,admiss_specialty
470,sinh viên có thể đăng kí một lúc 2 ngành học không ?,được,admiss_specialty
471,số ngành đại học của tdtu là bao nhiêu?,40,admiss_specialty
472,số ngành thạc sĩ của tdtu là bao nhiêu?,18,admiss_specialty
473,số ngành tiến sĩ của tdtu là bao nhiêu?,26,admiss_specialty
474,số ngành được giảng dạy bằng tiếng việt thuộc chương trình tiêu chuẩn là ?,chương trình tiếng việt gồm 40 ngành.,admiss_specialty
475,chương trình giảng dạy bằng 50% tiếng anh được áp dụng cho những ngành nào ?,chương trình 50% tiếng anh gồm 57 ngành.,admiss_specialty
476,chương trình giảng dạy bằng 100% tiếng anh được áp dụng cho những ngành nào ?,chương trình 100% tiếng anh gồm 66 ngành.,admiss_specialty
477,chương trình giảng dạy theo chương trình liên kết quốc tế có bao nhiêu ngành ?,chương trình du học luân chuyển campus gồm 85 ngành.,admiss_specialty
478,trường đào tạo tất cả bao nhiêu ngành nghề?,40 chuyên ngành,admiss_specialty
479,số ngành đào tạo thạc sĩ và tiến sĩ?,"thạc sĩ là 18, tiến sĩ là 26",admiss_specialty
480,năm nhất ngành công nghệ thông tin học ngôn ngữ nào?,c và java,admiss_specialty
481,nêu một số cấu trúc dữ liệu được dạy trong ngành công nghệ thông tin?,"mảng, queue, stack, bst, avl...",admiss_specialty
482,số tín chỉ tối thiểu để ra trường ngành công nghệ phần mềm?,136,admiss_specialty
483,ngành công nghệ thông tin có học mos không?,không,admiss_specialty
484,tuyển sinh trường đại học tôn đức thắng có ngành khoa học máy tính không?,có nha em,admiss_specialty
485,ngành luật có được dạy trong trường không ?,có,admiss_specialty
486,khoa cntt có bao nhiêu chuyên ngành?,gồm 4 chuyên ngành,admiss_specialty
487,mã ngành ngôn ngữ anh của trường đh tđt?,7220201,admiss_specialty
488,khóa 20(năm 2016) của khoa công nghệ thông tin có bao nhiêu chuyên ngành ?,"4 chuyên ngành: công nghệ phần mềm, hệ thống thông tin, mạng máy tính và các hệ thống phân tán, tính toán thông minh",admiss_specialty
489,sinh viên tdt đào tạo những ngành nào?,[unknown],admiss_specialty
490,ngành cntt của tdt phải học mấy năm?,4 năm chính khóa nhưng chỉ được học tối đa 7 năm,admiss_specialty
491,những ngành nào được xét học bạ?,tất cả các ngành đều xét học bạ,admiss_specialty
492,ngành dược đầu ra của trường là bao nhiêu chỉ?,[unknown],admiss_specialty
493,ngành du lịch của tdt có được đi nước ngoài hay không?,[unknown],admiss_specialty
494,đại học tôn đức thắng đào tạo thạc sĩ ở bao nhiêu ngành ?,18 ngành,admiss_specialty
495,khi nào có thể đăng kí học chuyên ngành 2?,bắt đầu từ năm 2. xét trên kết quả học tập.,admiss_specialty
496,trường tđt đào tạo bao nhiêu chuyên ngành?,38 chuyên ngành.,admiss_specialty
497,trường đại học tôn đức thắng hiện nay đào tạo bao nhiêu ngành?,hơn 40 ngành học,admiss_specialty
498,khó dễ của việc học?,tùy theo khả năng của người học,admiss_strict
499,học tdt có khó không?,nếu bạn siêng năn chăm chỉ thì không có gì khó,admiss_strict
500,kế toán học có khó không?,không,admiss_strict
501,bảo hộ lao động có khó không?,không,admiss_strict
502,ngành cntt có khó không?,khó,admiss_strict
503,lương cntt có cao không?,cao,admiss_strict
504,học công nghệ thông tin tại trường đh tôn đức thắng có khó không?,"nếu chịu học hành chăm chỉ, với sự giảng dạy nhiệt tình, tận tâm của thầy cô nhà trường thì các môn học đều có thể học tập tốt.",admiss_strict
505,bạn qua môn ai chưa?,mình chưa.,admiss_strict
506,bạn có muốn cải thiện điểm môn ai không?,có.,admiss_strict
507,bạn đã làm bài tập lớn môn học máy chưa?,mình làm rồi.,admiss_strict
508,thi anh văn khó không?,có câu khó câu dễ,admiss_strict
509,điểm trúng tuyển của chuyên ngành ngôn ngữ anh chương trình tiêu chuẩn ?,33.00,admiss_benchmarking
510,điểm trúng tuyển của chuyên ngành marketing chương trình tiêu chuẩn ?,32.50,admiss_benchmarking
511,điểm trúng tuyển của chuyên ngành kinh doanh quốc tế chương trình tiêu chuẩn ?,33.00,admiss_benchmarking
512,điểm trúng tuyển của chuyên ngành tài chính ngân hàng chương trình tiêu chuẩn ?,30.00,admiss_benchmarking
513,điểm trúng tuyển của chuyên ngành công nghệ sinh học chương trình tiêu chuẩn ?,26.75,admiss_benchmarking
514,điểm trúng tuyển của chuyên ngành khoa học máy tính chương trình tiêu chuẩn ?,32.00,admiss_benchmarking
515,tuyển sinh khoa công nghệ thông tin năm 2017-2018 lấy bao nhiêu điểm?,21.25,admiss_benchmarking
516,tuyển sinh khoa  luật năm 2017-2018 lấy bao nhiêu điểm?,24.25,admiss_benchmarking
517,tuyển sinh khoa kĩ thuật công trình năm 2017-2018 lấy bao nhiêu điểm?,19,admiss_benchmarking
518,tuyển sinh khoa điện năm 2017-2018 lấy bao nhiêu điểm?,20,admiss_benchmarking
519,tuyển sinh khoa khoa học ứng dụng năm 2017-2018 lấy bao nhiêu điểm?,21.5,admiss_benchmarking
520,tuyển sinh khoa mĩ thuật công nghiệp năm 2017-2018 lấy bao nhiêu điểm?,19,admiss_benchmarking
521,tuyển sinh khoa toán thống kê năm 2017-2018 lấy bao nhiêu điểm?,18,admiss_benchmarking
522,tuyển sinh khoa kế toán năm 2017-2018 lấy bao nhiêu điểm?,22.25,admiss_benchmarking
523,tuyển sinh khoa dược năm 2017-2018 lấy bao nhiêu điểm?,25.25,admiss_benchmarking
524,tuyển sinh khoa ngôn ngữ anh năm 2017-2018 lấy bao nhiêu điểm?,21.25,admiss_benchmarking
525,điểm chuẩn ngành it năm học 2019?,[unknown],admiss_benchmarking
526,điểm chuẩn ngành dược năm học 2019?,[unknown],admiss_benchmarking
527,điểm chuẩn ngành hóa học năm học 2019?,[unknown],admiss_benchmarking
528,điểm chuẩn từng ngành của khoa cntt là bao nhiêu?,"công nghệ phần mềm: 24,5 trí tuệ nhân tạo: 23 mạng máy tính truyền thông: 20 hệ thống thông tin: 21",admiss_benchmarking
529,điểm chuẩn nghành quản trị kinh doanh chất lượng cao năm 2019 ?,24,admiss_benchmarking
530,điểm chuẩn nghành khoa học máy tính năm 2019 ?,30.75,admiss_benchmarking
531,điểm chuẩn nghành kế toán  năm 2019 ?,30,admiss_benchmarking
532,điểm chuẩn nghành ngôn ngữ anh năm 2019 ?,33,admiss_benchmarking
533,điểm chuẩn nghành điện - điện tử năm 2019 ?,"25,75",admiss_benchmarking
534,điểm chuẩn nghành điện tử viễn thông năm 2019 ?,25.5,admiss_benchmarking
535,điểm chuẩn nghành tự động hóa năm 2019 ?,28.75,admiss_benchmarking
536,điểm chuẩn nghành thiết kế công nghiệp năm 2019 ?,22.5,admiss_benchmarking
537,điểm chuẩn nghành thiết kế đồ họa năm 2019 ?,27,admiss_benchmarking
538,điểm chuẩn nghành thiết kế thời trang năm 2019 ?,22.5,admiss_benchmarking
539,điểm chuẩn nghành  kỹ thuật hóa học năm 2019 ?,27.25,admiss_benchmarking
540,điểm chuẩn nghành  kiến trúc năm 2019 ?,25,admiss_benchmarking
541,điểm chuẩn nghành  quy hoạch vùng và đô thị năm 2019 ?,23,admiss_benchmarking
542,điểm chuẩn nghành thiết kế nội thất năm 2019 ?,22.5,admiss_benchmarking
543,điểm chuẩn nghành kỹ thuật xây dựng  năm 2019 ?,27,admiss_benchmarking
544,điểm chuẩn nghành  kỹ thuật xây dựng công trình giao thông năm 2019 ?,23,admiss_benchmarking
545,điểm chuẩn nghành dược học năm 2019 ?,30,admiss_benchmarking
546,điểm chuẩn nghành công tác xã hội năm 2019 ?,23.5,admiss_benchmarking
547,điểm chuẩn nghành quản lý thể dục thể thao năm 2019 ?,26.5,admiss_benchmarking
548,điểm chuẩn nghành golf năm 2019 ?,24,admiss_benchmarking
549,điểm chuẩn nghành  ngôn ngữ anh cơ sở bảo lộc năm 2019 ?,23,admiss_benchmarking
550,điểm chuẩn nghành  du lịch và quản lý du lịch cơ sở bảo lộc năm 2019 ?,22.5,admiss_benchmarking
551,điểm chuẩn nghành quản trị nhà hàng khách sạn cơ sở bảo lộc năm 2019 ?,23,admiss_benchmarking
552,điểm chuẩn nghành luật cơ sở bảo lộc năm 2019 ?,23,admiss_benchmarking
553,điểm chuẩn nghành  kỹ thuật phần mềm cơ sở bảo lộc năm 2019 ?,22.5,admiss_benchmarking
554,điểm chuẩn nghành khoa học máy tính chất lượng cao năm 2019 ?,24.5,admiss_benchmarking
555,điểm chuẩn nghành kế toán chất lượng cao năm 2019 ?,22.5,admiss_benchmarking
556,điểm chuẩn nghành ngôn ngữ anh chất lượng cao năm 2019 ?,30.5,admiss_benchmarking
557,điểm chuẩn nghành điện - điện tử chất lượng cao năm 2019 ?,22.5,admiss_benchmarking
558,điểm chuẩn nghành điện tử viễn thông chất lượng cao năm 2019 ?,22.5,admiss_benchmarking
559,điểm chuẩn nghành tự động hóa chất lượng cao năm 2019 ?,23,admiss_benchmarking
560,điểm chuẩn nghành thiết kế công nghiệp chất lượng cao năm 2019 ?,22.5,admiss_benchmarking
561,điểm chuẩn nghành  kỹ thuật hóa học chất lượng cao năm 2019 ?,27.25,admiss_benchmarking
562,điểm chuẩn nghành kỹ thuật xây dựng chất lượng cao năm 2019 ?,22.5,admiss_benchmarking
563,khoa nào có điểm tuyển sinh năm 2019 cao nhất ?,khoa dược,admiss_benchmarking
564,điểm chuẩn clc dược là bao nhiêu?,18,admiss_benchmarking
565,điểm chuẩn clc điện là bao nhiêu?,17,admiss_benchmarking
566,điểm chuẩn clc luật là bao nhiêu?,18,admiss_benchmarking
567,điểm chuẩn clc tiếng trung là bao nhiêu?,17,admiss_benchmarking
568,điểm chuẩn clc ngôn ngữ anh là bao nhiêu?,19,admiss_benchmarking
569,điểm chuẩn clc ngành ngân hàng là bao nhiêu?,18,admiss_benchmarking
570,điểm chuẩn clc quản trị kinh doanh là bao nhiêu?,18,admiss_benchmarking
571,điểm chuẩn clc toán thống kê là bao nhiêu?,18,admiss_benchmarking
572,điểm chuẩn clc ngôn ngữ hàn là bao nhiêu?,17,admiss_benchmarking
573,điểm chuẩn clc ngôn ngữ nhật là bao nhiêu?,17,admiss_benchmarking
574,điểm chuẩn clc ngành dịch vụ khách sạn là bao nhiêu?,18,admiss_benchmarking
575,điểm chuẩn clc ngành du lịch là bao nhiêu?,19,admiss_benchmarking
576,điểm chuẩn clc bảo hộ lao động là bao nhiêu?,18,admiss_benchmarking
577,điểm chuẩn clc tài chính ngân hàng là bao nhiêu?,18,admiss_benchmarking
578,điểm chuẩn ngành clc nào cao nhất?,dược,admiss_benchmarking
579,điểm chuẩn ngành clc nào thấp nhất?,"ngôn ngữ hàn, nhật",admiss_benchmarking
580,điểm chuẩn ngành nào thấp nhất?,"ngôn ngữ hàn, nhật",admiss_benchmarking
581,điểm chuẩn ngành nào cao nhất?,dược,admiss_benchmarking
582,điểm chuẩn cntt là bao nhiêu?,20,admiss_benchmarking
583,diểm chuẩn kế toán là bao nhiêu?,20,admiss_benchmarking
584,điểm chuẩn dược là bao nhiêu?,24,admiss_benchmarking
585,điểm chuẩn điện là bao nhiêu?,19,admiss_benchmarking
586,điểm chuẩn luật là bao nhiêu?,21,admiss_benchmarking
587,điểm chuẩn tiếng trung là bao nhiêu?,20,admiss_benchmarking
588,điểm chuẩn ngôn ngữ anh là bao nhiêu?,22,admiss_benchmarking
589,điểm chuẩn ngành ngân hàng là bao nhiêu?,20,admiss_benchmarking
590,điểm chuẩn quản trị kinh doanh là bao nhiêu?,19,admiss_benchmarking
591,điểm chuẩn toán thống kê là bao nhiêu?,19,admiss_benchmarking
592,điểm chuẩn ngôn ngữ hàn là bao nhiêu?,18,admiss_benchmarking
593,điểm chuẩn ngôn ngữ nhật là bao nhiêu?,18,admiss_benchmarking
594,điểm chuẩn ngành dịch vụ khách sạn là bao nhiêu?,20,admiss_benchmarking
595,điểm chuẩn ngành du lịch là bao nhiêu?,20,admiss_benchmarking
596,điểm chuẩn bảo hộ lao động là bao nhiêu?,19,admiss_benchmarking
597,điểm chuẩn tài chính ngân hàng là bao nhiêu?,"19,5",admiss_benchmarking
598,năm nay điểm chuẩn trường có tăng không?,nguyên tắc xét điểm sẽ lấy từ cao xuống thấp đến khi đủ chỉ tiêu. do đó điểm chuẩn sẽ căn cứ vào lượng hồ sơ và chất lượng điểm của thí sinh.,admiss_benchmarking
599,năm nay điểm chuẩn trường có giảm không?,nguyên tắc xét điểm sẽ lấy từ cao xuống thấp đến khi đủ chỉ tiêu. do đó điểm chuẩn sẽ căn cứ vào lượng hồ sơ và chất lượng điểm của thí sinh.,admiss_benchmarking
600,năm nay điểm chuẩn ngàng công nghệ thông tin có tăng không?,[unknown],admiss_benchmarking
601,năm nay điểm chuẩn ngàng công nghệ thông tin có giảm không?,[unknown],admiss_benchmarking
602,năm nay điểm chuẩn ngàng điện điện tử có giảm không?,[unknown],admiss_benchmarking
603,năm nay điểm chuẩn ngàng điện điện tử có tăng không?,[unknown],admiss_benchmarking
604,điểm chuẩn clc dược là bao nhiêu?,18,admiss_benchmarking
605,điểm chuẩn clc điện là bao nhiêu?,17,admiss_benchmarking
606,điểm chuẩn clc luật là bao nhiêu?,18,admiss_benchmarking
607,điểm chuẩn clc tiếng trung là bao nhiêu?,17,admiss_benchmarking
608,điểm chuẩn clc ngôn ngữ anh là bao nhiêu?,19,admiss_benchmarking
609,điểm chuẩn clc ngành ngân hàng là bao nhiêu?,18,admiss_benchmarking
610,điểm chuẩn clc quản trị kinh doanh là bao nhiêu?,18,admiss_benchmarking
611,điểm chuẩn clc toán thống kê là bao nhiêu?,18,admiss_benchmarking
612,điểm chuẩn clc ngôn ngữ hàn là bao nhiêu?,17,admiss_benchmarking
613,điểm chuẩn clc ngôn ngữ nhật là bao nhiêu?,17,admiss_benchmarking
614,điểm chuẩn clc ngành dịch vụ khách sạn là bao nhiêu?,18,admiss_benchmarking
615,điểm chuẩn clc ngành du lịch là bao nhiêu?,19,admiss_benchmarking
616,điểm chuẩn clc bảo hộ lao động là bao nhiêu?,18,admiss_benchmarking
617,điểm chuẩn clc tài chính ngân hàng là bao nhiêu?,18,admiss_benchmarking
618,điểm chuẩn ngành clc nào cao nhất?,dược,admiss_benchmarking
619,điểm chuẩn ngành clc nào thấp nhất?,"ngôn ngữ hàn, nhật",admiss_benchmarking
620,điểm chuẩn 2019 ngành thiết kế công nghiệp?,22.5 điểm,admiss_benchmarking
621,điểm chuẩn từng chuyên ngành khoa cntt là bao nhiêu?,"điểm chuẩn ngành: hệ thống thông tin: 22.5đ, kĩ thuật phần mềm: 22.5đ, mạng máy tính: 22đ, trí tuệ nhân tạo:23đ",admiss_benchmarking
622,cho em hỏi năm nay điểm chuẩn trường mình có tăng không?,có,admiss_benchmarking
623,điểm chuẩn của các khối thi khác nhau hay giống nhau?,điểm chuẩn của các khối là giống nhau.,admiss_benchmarking
624,em thi đc 33đ vậy em có vào được ngành khoa học máy tính kỹ thuật phần mềm của trường không ạ?,có,admiss_benchmarking
625,điểm chuẩn từng chuyên ngành khoa cntt là bao nhiêu?,"điểm chuẩn ngành: hệ thống thông tin: 22.5đ, kĩ thuật phần mềm: 22.5đ, mạng máy tính: 22đ, trí tuệ nhân tạo:23đ",admiss_benchmarking
626,ngành nào có điểm chuẩn cao nhất trường?,dược học có điểm cao nhất trường.,admiss_benchmarking
627,khoa cntt năm 2019 điểm sàn bao nhiêu?,23 điểm,admiss_benchmarking
628,khi nào có điểm  chuẩn ?,khi có điểm chuẩn thì nhà trường sẽ đăng lên trang chủ của trường .,admiss_benchmarking
629,điểm chuẩn của trường năm nay có tăng không ?,nguyên tắc xét điểm sẽ lấy từ cao xuống thấp đến khi đủ chỉ tiêu. do đó điểm chuẩn sẽ căn cứ vào lượng hồ sơ và chất lượng điểm của thí sinh. điểm chuẩn nhà trường sẽ thông báo theo từng thời điểm đã dự kiến tại https://admission.tdtu.edu.vn,admiss_benchmarking
630,khoa cntt năm 2019 điểm sàn bao nhiêu?,23 điểm,admiss_benchmarking
631,tuyển sinh khoa công nghệ thông tin năm 2018-2019 lấy bao nhiêu điểm?,19.75,admiss_benchmarking
632,tuyển sinh khoa luật năm 2018-2019 lấy bao nhiêu điểm?,21,admiss_benchmarking
633,tuyển sinh khoa kĩ thuật công trình năm 2018-2019 lấy bao nhiêu điểm?,17,admiss_benchmarking
634,tuyển sinh khoa điện năm 2018-2019 lấy bao nhiêu điểm?,17.5,admiss_benchmarking
635,tuyển sinh khoa khoa học ứng dụng năm 2018-2019 lấy bao nhiêu điểm?,19,admiss_benchmarking
636,tuyển sinh khoa mĩ thuật công nghiệp năm 2018-2019 lấy bao nhiêu điểm?,18,admiss_benchmarking
637,tuyển sinh khoa toán thống kê năm 2018-2019 lấy bao nhiêu điểm?,17,admiss_benchmarking
638,tuyển sinh khoa kế toán năm 2018-2019 lấy bao nhiêu điểm?,19.6,admiss_benchmarking
639,tuyển sinh khoa dược năm 2018-2019 lấy bao nhiêu điểm?,21.5,admiss_benchmarking
640,tuyển sinh khoa ngôn ngữ anh năm 2018-2019 lấy bao nhiêu điểm?,22,admiss_benchmarking
641,tuyển sinh khoa công nghệ thông tin hệ chất lượng cao năm 2018-2019 lấy bao nhiêu điểm?,17.5,admiss_benchmarking
642,tuyển sinh khoa luật hệ chất lượng cao năm 2018-2019 lấy bao nhiêu điểm?,18,admiss_benchmarking
643,tuyển sinh khoa kĩ thuật công trình hệ chất lượng cao năm 2018-2019 lấy bao nhiêu điểm?,17,admiss_benchmarking
644,tuyển sinh khoa điện hệ chất lượng cao năm 2018-2019 lấy bao nhiêu điểm?,17,admiss_benchmarking
645,tuyển sinh khoa khoa học ứng dụng hệ chất lượng cao năm 2018-2019 lấy bao nhiêu điểm?,17.5,admiss_benchmarking
646,tuyển sinh khoa kế toán hệ chất lượng cao năm 2018-2019 lấy bao nhiêu điểm?,17.5,admiss_benchmarking
647,tuyển sinh khoa ngôn ngữ anh hệ chất lượng cao năm 2018-2019 lấy bao nhiêu điểm?,19,admiss_benchmarking
648,cần tối thiểu bao nhiêu điểm để trúng tuyển vào trường đh tdt ngành khoa học máy tính ?,"19,75 điểm",admiss_benchmarking
649,khoa công nghệ thong tin có bao nhiêu chuyên ngành?,4,admiss_benchmarking
650,đối với sinh viên clc khoa cntt thì tích lũy bao nhiêu tín chỉ được ra trường?,149,admiss_high_lv
651,ielts của hệ clc k20 cần là bao nhiêu?,5.5,admiss_high_lv
652,trường tđt có tuyển sinh clc không?,có.,admiss_high_lv
653,sự khác nhau giữa hệ chính quy và clc?,"học phí, không gian học.",admiss_high_lv
654,chương trình chất lượng cao(clc) gồm những gì?,"9 ngành thuộc chương trình clc, 9 ngành thuộc chương trình luân chuyển campus",admiss_high_lv
655,tiêu chuẩn toiec của lớp chất lượng cao?,k20 → 680,admiss_high_lv
656,chất lượng cao là gì? vì sao điểm chuẩn thấp hơn?,"điểm chuẩn thấp vì do ít thí sinh nộp, học phí cao hơn.",admiss_high_lv
657,nếu tiếng anh không tốt thì có nên học chất lượng cao hay không?,căn cứ kết quả thi tiếng anh đầu vào mà xếp lớp học.,admiss_high_lv
658,các môn học thuộc chất lượng cao có cần học 100% tiếng anh không ạ?,chỉ cần 50% các môn chuyên ngành.,admiss_high_lv
659,có bao nhiêu nước để chọn khi đăng ký học kỳ nước ngoài của các ngành thuộc chất lượng cao?,"đài loan, hà lan, malaysia, cộng hòa séc, pháp",admiss_high_lv
660,"khi điền hồ sơ, làm sao phân biệt được mã ngành giữa lớp thường với lớp chất lượng cao?","mã ngành bắt đầu ""7"": chương trình tiêu chuẩn dạy-học bằng tiếng việt tại tp.hcm.",admiss_high_lv
661,chất lượng cao là gì? vì sao điểm chuẩn thấp hơn?,"điểm chuẩn thấp vì do ít thí sinh nộp, học phí cao hơn.",admiss_high_lv
662,nếu tiếng anh không tốt thì có nên học chất lượng cao hay không?,căn cứ kết quả thi tiếng anh đầu vào mà xếp lớp học.,admiss_high_lv
663,trường có chương trình chất lượng cao cho ngành khoa học máy tính không ?,có,admiss_high_lv
664,trường có chương trình chất lượng cao cho ngành kỷ thuật phần mềm không ?,có,admiss_high_lv
665,trường có chương trình chất lượng cao cho ngành quản trị kinh doanh không ?,có,admiss_high_lv
666,trường có chương trình chất lượng cao cho ngành mỹ thuật công nghiệp không ?,có,admiss_high_lv
667,trường có chương trình chất lượng cao cho ngành khoa học ứng dụng không ?,có,admiss_high_lv
668,trường có chương trình chất lượng cao cho ngành khoa học thể thao không ?,có,admiss_high_lv
669,trường có chương trình chất lượng cao cho ngành cơ điện tử không ?,có,admiss_high_lv
670,trường có chương trình chất lượng cao cho ngành quản lý nhà hàng khách sạng không ?,có,admiss_high_lv
671,học chất lượng cao tdt được gì?,[unknown],admiss_high_lv
672,cho em xin mô tả về chương trình chất lượng cao của trường?,"được xây dựng dựa trên khung chương trình đào tạo tham khảo các trường thuộc top 100 trên thế giới và cập nhật cho phù hợp với tình hình phát triển của việt nam nói chung, nhu cầu nguồn nhân lực của thị trường lao động nói riêng. bên cạnh đó, nhà trường đặc biệt chú ý gắn kết lý thuyết với thực tiễn; kết hợp kiến thức chuyên môn với rèn luyện kỹ năng thực hành; chú trọng đến các kỹ năng mềm và thực tập doanh nghiệp. trong suốt quá trình đào tạo, khoa chuyên ngành thường xuyên mời các chuyên gia trong lĩnh vực đến trình bày chuyên đề, chia sẽ kinh nghiệm thực tiễn cũng như trao đổi trực tiếp với sinh viên về ngành nghề đào tạo.",admiss_high_lv
673,học kỳ nước ngoài của chương trình chất lượng cao có bắt buộc không ạ ?,"có, là học kỳ bắt buộc thuộc chương trình đào tạo, dự kiến diễn ra vào năm 3 hoặc 4, nhằm giúp sinh viên có cơ hội giao lưu học tập sinh viên quốc tế cũng như rèn luyện khả năng ngoại ngữ. sinh viên sẽ được học tại đài loan, hà lan, malaysia, cộng hòa séc, pháp từ 3-4 tháng; và/hoặc thực hiện khóa luận bằng tiếng anh giúp sinh viên phát triển trình độ chuyên môn, nâng cao năng lực ngoại ngữ.",admiss_high_lv
674,có thể đăng kí cùng 1 ngành mà hệ đại trà và chất lượng cao hay không?,được.,admiss_high_lv
